-- sample_data.sql
USE etl_test;

DELETE FROM orders;
DELETE FROM sales;
DELETE FROM customer;
ALTER TABLE sales AUTO_INCREMENT = 1;
ALTER TABLE orders AUTO_INCREMENT = 1;

INSERT INTO items (item_id, item_name) VALUES
(1, 'x'),
(2, 'y'),
(3, 'z');

INSERT INTO customer (customer_id, age) VALUES
(1, 18), (2, 19), (3, 20), (4, 21), (5, 22),
(6, 23), (7, 24), (8, 25), (9, 26), (10, 27),
(11, 28), (12, 29), (13, 30), (14, 31), (15, 32),
(16, 33), (17, 34), (18, 35), (19, 18), (20, 19),
(21, 20), (22, 21), (23, 22), (24, 23), (25, 24),
(26, 25), (27, 26), (28, 27), (29, 28), (30, 29),
(31, 30), (32, 31), (33, 32), (34, 33), (35, 34),
(36, 35), (37, 18), (38, 19), (39, 20), (40, 21),
(41, 22), (42, 23), (43, 24), (44, 25), (45, 26),
(46, 27), (47, 28), (48, 29), (49, 30), (50, 35);

INSERT INTO sales (sales_id, customer_id) VALUES
(1, 1), (2, 1), (3, 2), (4, 2), (5, 3), (6, 3), (7, 4), (8, 4), (9, 5), (10, 5),
(11, 6), (12, 6), (13, 7), (14, 7), (15, 8), (16, 8), (17, 9), (18, 9), (19, 10), (20, 10),
(21, 11), (22, 11), (23, 12), (24, 12), (25, 13), (26, 13), (27, 14), (28, 14), (29, 15), (30, 15),
(31, 16), (32, 16), (33, 17), (34, 17), (35, 18), (36, 18), (37, 19), (38, 19), (39, 20), (40, 20),
(41, 21), (42, 21), (43, 22), (44, 22), (45, 23), (46, 23), (47, 24), (48, 24), (49, 25), (50, 25),
(51, 26), (52, 26), (53, 27), (54, 27), (55, 28), (56, 28), (57, 29), (58, 29), (59, 30), (60, 30),
(61, 31), (62, 31), (63, 32), (64, 32), (65, 33), (66, 33), (67, 34), (68, 34), (69, 35), (70, 35),
(71, 36), (72, 36), (73, 37), (74, 37), (75, 38), (76, 38), (77, 39), (78, 39), (79, 40), (80, 40),
(81, 41), (82, 41), (83, 42), (84, 42), (85, 43), (86, 43), (87, 44), (88, 44), (89, 45), (90, 45),
(91, 46), (92, 46), (93, 47), (94, 47), (95, 48), (96, 48), (97, 49), (98, 49), (99, 50), (100, 50);

-- Insert orders with all item combinations per sales (300 order records)
-- Each sales has all 3 items, some with quantities, some with NULL
INSERT INTO orders (order_id, sales_id, item_id, quantity) VALUES
-- Customer 1
(1, 1, 1, 5), (2, 1, 2, NULL), (3, 1, 3, 2),
(4, 2, 1, 5), (5, 2, 2, 3), (6, 2, 3, NULL),
-- Customer 2
(7, 3, 1, 2), (8, 3, 2, 4), (9, 3, 3, 1),
(10, 4, 1, NULL), (11, 4, 2, 2), (12, 4, 3, 3),
-- Customer 3
(13, 5, 1, 3), (14, 5, 2, NULL), (15, 5, 3, 2),
(16, 6, 1, 1), (17, 6, 2, 5), (18, 6, 3, NULL),
-- Customer 4
(19, 7, 1, 4), (20, 7, 2, 2), (21, 7, 3, 1),
(22, 8, 1, 2), (23, 8, 2, NULL), (24, 8, 3, 4),
-- Customer 5
(25, 9, 1, NULL), (26, 9, 2, 3), (27, 9, 3, 2),
(28, 10, 1, 5), (29, 10, 2, 1), (30, 10, 3, NULL),
-- Customer 6
(31, 11, 1, 2), (32, 11, 2, 4), (33, 11, 3, 3),
(34, 12, 1, 3), (35, 12, 2, NULL), (36, 12, 3, 1),
-- Customer 7
(37, 13, 1, 1), (38, 13, 2, 5), (39, 13, 3, 2),
(40, 14, 1, NULL), (41, 14, 2, 2), (42, 14, 3, 4),
-- Customer 8
(43, 15, 1, 4), (44, 15, 2, 3), (45, 15, 3, NULL),
(46, 16, 1, 2), (47, 16, 2, 1), (48, 16, 3, 3),
-- Customer 9
(49, 17, 1, 5), (50, 17, 2, NULL), (51, 17, 3, 2),
(52, 18, 1, 1), (53, 18, 2, 4), (54, 18, 3, 1),
-- Customer 10
(55, 19, 1, 3), (56, 19, 2, 2), (57, 19, 3, NULL),
(58, 20, 1, 2), (59, 20, 2, 5), (60, 20, 3, 2),
-- Customer 11
(61, 21, 1, NULL), (62, 21, 2, 3), (63, 21, 3, 4),
(64, 22, 1, 4), (65, 22, 2, 1), (66, 22, 3, NULL),
-- Customer 12
(67, 23, 1, 2), (68, 23, 2, 4), (69, 23, 3, 1),
(70, 24, 1, 5), (71, 24, 2, NULL), (72, 24, 3, 3),
-- Customer 13
(73, 25, 1, 1), (74, 25, 2, 2), (75, 25, 3, 5),
(76, 26, 1, 3), (77, 26, 2, NULL), (78, 26, 3, 2),
-- Customer 14
(79, 27, 1, 4), (80, 27, 2, 3), (81, 27, 3, NULL),
(82, 28, 1, 2), (83, 28, 2, 1), (84, 28, 3, 4),
-- Customer 15
(85, 29, 1, NULL), (86, 29, 2, 5), (87, 29, 3, 2),
(88, 30, 1, 3), (89, 30, 2, 2), (90, 30, 3, 1),
-- Customer 16
(91, 31, 1, 5), (92, 31, 2, 4), (93, 31, 3, NULL),
(94, 32, 1, 1), (95, 32, 2, 3), (96, 32, 3, 2),
-- Customer 17
(97, 33, 1, 2), (98, 33, 2, NULL), (99, 33, 3, 4),
(100, 34, 1, 4), (101, 34, 2, 1), (102, 34, 3, 3),
-- Customer 18
(103, 35, 1, 3), (104, 35, 2, 5), (105, 35, 3, NULL),
(106, 36, 1, 2), (107, 36, 2, 2), (108, 36, 3, 1),
-- Customer 19
(109, 37, 1, NULL), (110, 37, 2, 4), (111, 37, 3, 2),
(112, 38, 1, 5), (113, 38, 2, 1), (114, 38, 3, 3),
-- Customer 20
(115, 39, 1, 1), (116, 39, 2, 3), (117, 39, 3, 4),
(118, 40, 1, 2), (119, 40, 2, NULL), (120, 40, 3, 2),
-- Customer 21
(121, 41, 1, 4), (122, 41, 2, 2), (123, 41, 3, 1),
(124, 42, 1, 3), (125, 42, 2, 5), (126, 42, 3, NULL),
-- Customer 22
(127, 43, 1, 2), (128, 43, 2, 1), (129, 43, 3, 3),
(130, 44, 1, NULL), (131, 44, 2, 4), (132, 44, 3, 2),
-- Customer 23
(133, 45, 1, 5), (134, 45, 2, 3), (135, 45, 3, 1),
(136, 46, 1, 2), (137, 46, 2, 2), (138, 46, 3, 4),
-- Customer 24
(139, 47, 1, 1), (140, 47, 2, NULL), (141, 47, 3, 3),
(142, 48, 1, 4), (143, 48, 2, 1), (144, 48, 3, 2),
-- Customer 25
(145, 49, 1, 3), (146, 49, 2, 5), (147, 49, 3, NULL),
(148, 50, 1, 2), (149, 50, 2, 3), (150, 50, 3, 1),
-- Customer 26
(151, 51, 1, NULL), (152, 51, 2, 2), (153, 51, 3, 4),
(154, 52, 1, 5), (155, 52, 2, 1), (156, 52, 3, 2),
-- Customer 27
(157, 53, 1, 4), (158, 53, 2, 3), (159, 53, 3, NULL),
(160, 54, 1, 1), (161, 54, 2, 4), (162, 54, 3, 2),
-- Customer 28
(163, 55, 1, 2), (164, 55, 2, 2), (165, 55, 3, 3),
(166, 56, 1, 3), (167, 56, 2, NULL), (168, 56, 3, 1),
-- Customer 29
(169, 57, 1, 5), (170, 57, 2, 4), (171, 57, 3, 2),
(172, 58, 1, 1), (173, 58, 2, 3), (174, 58, 3, NULL),
-- Customer 30
(175, 59, 1, NULL), (176, 59, 2, 5), (177, 59, 3, 1),
(178, 60, 1, 4), (179, 60, 2, 2), (180, 60, 3, 3),
-- Customer 31
(181, 61, 1, 2), (182, 61, 2, 1), (183, 61, 3, 4),
(184, 62, 1, 3), (185, 62, 2, 5), (186, 62, 3, NULL),
-- Customer 32
(187, 63, 1, 1), (188, 63, 2, NULL), (189, 63, 3, 2),
(190, 64, 1, 5), (191, 64, 2, 3), (192, 64, 3, 1),
-- Customer 33
(193, 65, 1, 4), (194, 65, 2, 2), (195, 65, 3, 3),
(196, 66, 1, 2), (197, 66, 2, 4), (198, 66, 3, NULL),
-- Customer 34
(199, 67, 1, 3), (200, 67, 2, 1), (201, 67, 3, 2),
(202, 68, 1, NULL), (203, 68, 2, 5), (204, 68, 3, 4),
-- Customer 35
(205, 69, 1, 5), (206, 69, 2, 2), (207, 69, 3, 1),
(208, 70, 1, 1), (209, 70, 2, 3), (210, 70, 3, 2),
-- Customer 36
(211, 71, 1, 2), (212, 71, 2, NULL), (213, 71, 3, 3),
(214, 72, 1, 4), (215, 72, 2, 1), (216, 72, 3, 5),
-- Customer 37
(217, 73, 1, 3), (218, 73, 2, 2), (219, 73, 3, NULL),
(220, 74, 1, 1), (221, 74, 2, 4), (222, 74, 3, 2),
-- Customer 38
(223, 75, 1, NULL), (224, 75, 2, 3), (225, 75, 3, 1),
(226, 76, 1, 5), (227, 76, 2, 2), (228, 76, 3, 4),
-- Customer 39
(229, 77, 1, 2), (230, 77, 2, 1), (231, 77, 3, 3),
(232, 78, 1, 4), (233, 78, 2, NULL), (234, 78, 3, 2),
-- Customer 40
(235, 79, 1, 3), (236, 79, 2, 5), (237, 79, 3, 1),
(238, 80, 1, 2), (239, 80, 2, 2), (240, 80, 3, NULL),
-- Customer 41
(241, 81, 1, 1), (242, 81, 2, 4), (243, 81, 3, 3),
(244, 82, 1, NULL), (245, 82, 2, 1), (246, 82, 3, 2),
-- Customer 42
(247, 83, 1, 5), (248, 83, 2, 3), (249, 83, 3, 4),
(250, 84, 1, 2), (251, 84, 2, 2), (252, 84, 3, NULL),
-- Customer 43
(253, 85, 1, 3), (254, 85, 2, 1), (255, 85, 3, 1),
(256, 86, 1, 4), (257, 86, 2, 5), (258, 86, 3, 2),
-- Customer 44
(259, 87, 1, 2), (260, 87, 2, NULL), (261, 87, 3, 3),
(262, 88, 1, 1), (263, 88, 2, 4), (264, 88, 3, 2),
-- Customer 45
(265, 89, 1, NULL), (266, 89, 2, 3), (267, 89, 3, 1),
(268, 90, 1, 5), (269, 90, 2, 2), (270, 90, 3, 4),
-- Customer 46
(271, 91, 1, 3), (272, 91, 2, 1), (273, 91, 3, 2),
(274, 92, 1, 2), (275, 92, 2, 5), (276, 92, 3, NULL),
-- Customer 47
(277, 93, 1, 4), (278, 93, 2, 2), (279, 93, 3, 1),
(280, 94, 1, 1), (281, 94, 2, NULL), (282, 94, 3, 3),
-- Customer 48
(283, 95, 1, 2), (284, 95, 2, 4), (285, 95, 3, 2),
(286, 96, 1, 5), (287, 96, 2, 1), (288, 96, 3, NULL),
-- Customer 49
(289, 97, 1, 3), (290, 97, 2, 3), (291, 97, 3, 1),
(292, 98, 1, 4), (293, 98, 2, 2), (294, 98, 3, 2),
-- Customer 50
(295, 99, 1, NULL), (296, 99, 2, 5), (297, 99, 3, 4),
(298, 100, 1, 2), (299, 100, 2, 1), (300, 100, 3, 3);